time_s,measured_yaw_deg,reference_yaw_deg
0.0000,147.2,0.0
0.0100,147.2,0.0
0.5250,148.2,0.0
1.0200,146.5,0.0
1.5350,148.2,0.0
2.0430,148.4,0.0
2.5400,148.0,0.0
3.3090,147.7,0.0
4.0570,148.5,0.0
4.5520,148.5,0.0
5.3320,148.2,0.0
5.8170,149.0,0.0
6.0800,148.8,0.0
6.5760,146.8,0.0
7.3440,139.4,0.0
7.8390,128.1,0.0
8.1020,120.7,0.0
8.5970,98.5,0.0
9.3660,50.7,0.0
10.1140,-4.0,0.0
10.1240,-4.0,0.0
10.6090,-36.0,0.0
11.3880,-51.4,0.0
11.8840,-48.7,0.0
12.3990,-48.4,0.0
12.8950,-48.4,0.0
13.1370,-48.0,0.0
13.6540,-46.8,0.0
14.4130,-44.2,0.0
14.9190,-40.2,0.0
15.4140,-35.4,0.0
16.4060,-27.3,0.0
17.1850,-19.2,0.0
17.6810,-15.8,0.0
18.1860,-13.7,0.0
18.6910,-12.9,0.0
19.1990,-12.6,0.0
19.6950,-12.1,0.0
20.2110,-12.3,0.0
21.2120,-11.7,0.0
22.2240,-8.0,0.0
22.7400,-7.6,0.0
23.2390,-9.5,0.0
23.7350,-12.0,0.0
24.2510,-13.5,0.0
24.7370,-14.2,0.0
25.5160,-16.5,0.0
26.0110,-19.0,0.0
26.5080,-18.6,0.0
27.2560,-16.0,0.0
28.5410,-14.2,0.0
29.0380,-14.1,0.0
29.5440,-14.2,0.0
30.3130,-13.7,0.0
30.8080,-13.6,0.0
32.0720,-10.7,0.0
32.5680,-9.1,0.0
33.3360,-7.5,0.0
34.0970,-11.1,0.0
34.5920,-12.9,0.0
35.3610,-15.0,0.0
35.8570,-14.7,0.0
36.3720,-13.4,0.0
36.8680,-14.6,0.0
37.3840,-15.1,0.0
37.8790,-14.2,0.0
38.3750,-14.8,0.0
39.3860,-14.6,0.0
40.3970,-13.8,0.0
40.9030,-14.0,0.0
41.4080,-13.2,0.0
41.9040,-13.0,0.0
42.4000,-12.6,0.0
42.9170,-12.7,0.0
43.4130,-13.3,0.0
43.9280,-12.0,0.0
44.4240,-9.5,0.0
44.9390,-7.3,0.0
45.4270,-7.4,0.0
46.2060,-10.1,0.0
46.9540,-10.2,0.0
47.4500,-9.9,0.0
48.2180,-10.6,0.0
49.4710,-14.5,0.0
50.2400,-14.4,0.0
50.7350,-15.1,0.0
50.9980,-14.1,0.0
51.7570,-11.9,70.0
52.2530,-8.5,70.0
52.5150,-4.7,70.0
55.0330,46.8,70.0
55.7940,54.4,70.0
56.3000,57.2,70.0
57.0370,60.0,70.0
57.0470,60.0,70.0
58.5730,62.6,70.0
59.0680,61.7,70.0
59.8360,60.6,70.0
60.3330,60.6,70.0
60.5960,60.3,70.0
61.0810,60.2,70.0
61.8600,60.8,70.0
62.6080,60.4,70.0
63.1030,60.1,70.0
63.8720,60.4,70.0
64.3670,61.1,70.0
65.1250,63.2,70.0
65.8930,60.1,70.0
66.6510,56.7,70.0
67.1460,55.9,70.0
68.4100,56.1,70.0
68.6730,56.5,70.0
69.1590,56.4,70.0
69.9370,57.1,70.0
70.6840,56.4,70.0
71.1790,57.1,70.0
71.9480,59.1,130.0
72.2100,59.2,130.0
72.7050,63.1,130.0
74.2300,103.2,130.0
74.7250,110.8,130.0
75.2400,116.1,130.0
75.7250,120.4,130.0
76.5040,124.5,130.0
76.9990,123.0,130.0
78.2530,117.4,130.0
79.0320,117.1,130.0
79.5270,117.1,130.0
80.0420,115.9,130.0
80.5370,116.2,130.0
81.3090,117.0,130.0
81.8050,117.3,130.0
83.3240,119.6,130.0
83.8110,120.7,130.0
84.3270,122.6,130.0
84.8120,123.1,130.0
85.8240,118.6,130.0
86.3390,117.8,130.0
86.8450,118.2,120.0
87.3400,118.1,120.0
87.8460,116.3,120.0
88.3610,114.0,120.0
88.8570,111.2,120.0
89.3720,109.1,120.0
89.8570,107.7,120.0
90.3720,106.7,120.0
90.8670,106.0,120.0
91.3620,105.6,120.0
91.8670,105.8,120.0
93.3620,107.8,120.0
93.8980,107.5,120.0
94.8880,107.8,120.0
95.3830,107.4,120.0
96.1510,108.7,120.0
96.6460,108.5,120.0
96.9190,108.7,120.0
